{"cameraMode":{"drawMode":0,"name":"Shaded","section":"Shading Mode"},"sceneLighting":true,"audioPlay":false,"sceneViewState":{"showFog":true,"showMaterialUpdate":false,"showSkybox":true,"showFlares":true,"showImageEffects":true,"showParticleSystems":true},"in2DMode":false,"pivot":{"x":35.24907684326172,"y":9.661531448364258,"z":-18.4583740234375},"rotation":{"x":-0.09194112569093704,"y":-0.1614779382944107,"z":0.015111338347196579,"w":-0.9824697375297546},"size":23.573339462280275,"orthographic":false}