{"cameraMode":{"drawMode":0,"name":"Shaded","section":"Shading Mode"},"sceneLighting":true,"audioPlay":false,"sceneViewState":{"showFog":true,"showMaterialUpdate":false,"showSkybox":true,"showFlares":true,"showImageEffects":true,"showParticleSystems":true},"in2DMode":false,"pivot":{"x":10.193202018737793,"y":2.09375,"z":-4.200833320617676},"rotation":{"x":0.028779543936252595,"y":-0.7934997081756592,"z":0.037638433277606967,"w":0.6067305207252502},"size":10.101658821105957,"orthographic":true}